type,name,module,path,hash
"csv","agent-manifest","_config","_config/agent-manifest.csv","d289be7a5830af7aa8cf8831dc66629dfb47b36c56add979dc07722444fc5f1c"
"csv","task-manifest","_config","_config/task-manifest.csv","1ef8d7a48d83e6f7c6da7f2169e28198f3abf08699f3f817258076fe0a2c2ee8"
"csv","workflow-manifest","_config","_config/workflow-manifest.csv","404918ecf162465d3d502f8723cda1726077d0d62284c1bdd9dae606f636eabb"
"yaml","manifest","_config","_config/manifest.yaml","950a1a0fc7a8a5962709de60446ca30c52989c78bd2ed61b7a2d2d0ec3a164c7"
"md","documentation-standards","_memory","_memory/tech-writer-sidecar/documentation-standards.md","b046192ee42fcd1a3e9b2ae6911a0db38510323d072c8d75bad0594f943039e4"
"yaml","config","_memory","_memory/config.yaml","06b51d6d55ccabb12fa1efdaef1290c239bbadd6d5e6880628de924ef1552184"
"csv","brain-methods","core","core/workflows/brainstorming/brain-methods.csv","0ab5878b1dbc9e3fa98cb72abfc3920a586b9e2b42609211bb0516eefd542039"
"csv","methods","core","core/workflows/advanced-elicitation/methods.csv","e08b2e22fec700274982e37be608d6c3d1d4d0c04fa0bae05aa9dba2454e6141"
"csv","module-help","core","core/module-help.csv","d1d23ce883979c145ef90d95b0fac7fdd7fca1684034546000758c9237afaefb"
"md","help","core","core/tasks/help.md","f0037b3bcbce77706ccea3d960cd437fe9eb4ed94236105746f5281a90e7a533"
"md","step-01-agent-loading","core","core/workflows/party-mode/steps/step-01-agent-loading.md","04ab6b6247564f7edcd5c503f5ca7d27ae688b09bbe2e24345550963a016e9f9"
"md","step-01-session-setup","core","core/workflows/brainstorming/steps/step-01-session-setup.md","a2376d8394fb84e3b5b45c7ecfe00c8f5ae0a0737f547d03108e735e41b99412"
"md","step-01b-continue","core","core/workflows/brainstorming/steps/step-01b-continue.md","bb88e341a25e5e33d533046470a6a4e828ff427066f49bf29ccd22c507c7f726"
"md","step-02-discussion-orchestration","core","core/workflows/party-mode/steps/step-02-discussion-orchestration.md","a8a79890bd03237e20f1293045ecf06f9a62bc590f5c2d4f88e250cee40abb0b"
"md","step-02a-user-selected","core","core/workflows/brainstorming/steps/step-02a-user-selected.md","558b162466745b92687a5d6e218f243a98436dd177b2d5544846c5ff4497cc94"
"md","step-02b-ai-recommended","core","core/workflows/brainstorming/steps/step-02b-ai-recommended.md","99aa935279889f278dcb2a61ba191600a18e9db356dd8ce62f0048d3c37c9531"
"md","step-02c-random-selection","core","core/workflows/brainstorming/steps/step-02c-random-selection.md","f188c260c321c7f026051fefcd267a26ee18ce2a07f64bab7f453c0c3e483316"
"md","step-02d-progressive-flow","core","core/workflows/brainstorming/steps/step-02d-progressive-flow.md","a28c7a3edf34ceb0eea203bf7dc80f39ca04974f6d1ec243f0a088281b2e55de"
"md","step-03-graceful-exit","core","core/workflows/party-mode/steps/step-03-graceful-exit.md","bdecc33004d73238ca05d8fc9d6b86cba89833630956f53ecd82ec3715c5f0da"
"md","step-03-technique-execution","core","core/workflows/brainstorming/steps/step-03-technique-execution.md","61a2baa6499fad1877d6d424060a933760bcfaf14f2fb04828102ad4f204c9b6"
"md","step-04-idea-organization","core","core/workflows/brainstorming/steps/step-04-idea-organization.md","cec7bc5c28248afb3282d7a5fcafed184371462417326dec38b89b157e2cffa6"
"md","template","core","core/workflows/brainstorming/template.md","5c99d76963eb5fc21db96c5a68f39711dca7c6ed30e4f7d22aedee9e8bb964f9"
"md","workflow","core","core/workflows/brainstorming/workflow.md","42735298a1427314506c63bda85a2959e3736b64d8d598cd3cd16bb9781fafa8"
"md","workflow","core","core/workflows/party-mode/workflow.md","7a28f8f174ec5ef4ad3c5719acfa4bfb6ea659415b298ccf94c32a9f3f005a03"
"xml","editorial-review-prose","core","core/tasks/editorial-review-prose.xml","6380b4c2c30005519883363d050035d1e574a6e27e9200a4b244ec79845b13c6"
"xml","editorial-review-structure","core","core/tasks/editorial-review-structure.xml","4d5c60ae0024a9125331829540a6c6129f9e50f2f1fc07265a0e115fc4d52e8c"
"xml","index-docs","core","core/tasks/index-docs.xml","0f81d3c065555d8b930eab7a00e8a288a8f42c67b416f61db396b14753c32840"
"xml","review-adversarial-general","core","core/tasks/review-adversarial-general.xml","fd4d3b5ca0b9254c50ddd9b79868f3637fd6abae14416a93887b059d29474be9"
"xml","review-edge-case-hunter","core","core/tasks/review-edge-case-hunter.xml","c7f74db4af314d7af537d17b4a3a0491c4d163a601b28b2e4cd32c95502993f3"
"xml","shard-doc","core","core/tasks/shard-doc.xml","51689fddea77a37342ce06d4c5723e9d10c6178e9cbcca58ae7c6f30e3b041b2"
"xml","workflow","core","core/tasks/workflow.xml","17bca7fa63bae20aaac4768d81463a7a2de7f80b60d4d9a8f36b70821ba86cfd"
"xml","workflow","core","core/workflows/advanced-elicitation/workflow.xml","590cc3594a3b8c51c2cab3aed266d0c6b3f2a828307e6cf01653e37ac10f259b"
"yaml","config","core","core/config.yaml","1217fa4e678e585cc37ecde67fcc9450424d72cc350576b8cd7e0f2dbdd9a387"
"csv","default-party","gds","gds/teams/default-party.csv","57da31f7bfb23375be8cd99a72a860590a7ced97acff975bf5ae9b034f63bb54"
"csv","documentation-requirements","gds","gds/workflows/document-project/documentation-requirements.csv","d1253b99e88250f2130516b56027ed706e643bfec3d99316727a4c6ec65c6c1d"
"csv","game-brain-methods","gds","gds/workflows/1-preproduction/brainstorm-game/game-brain-methods.csv","9dd6c853bcd04038223abf0263c465381dace3c9b13c9eb637f22ce9dc93210e"
"csv","game-types","gds","gds/workflows/2-design/gdd/game-types.csv","a44c04d09432c886a7a5a8112474bd32540d8e84de25b308dca0f96e570651fd"
"csv","module-help","gds","gds/module-help.csv","e8ce6bb6d01697b9c7cc1916fd14e5fb4145b24ad571ebfcbf06a85cf471aaeb"
"csv","pattern-categories","gds","gds/workflows/3-technical/game-architecture/pattern-categories.csv","d9a275931bfed32a65106ce374f2bf8e48ecc9327102a08f53b25818a8c78c04"
"csv","qa-index","gds","gds/gametest/qa-index.csv","daa577ca80b3b51c08a8ed5521e4a25553d7d32a3342dbde40ccaee4a20351eb"
"json","project-scan-report-schema","gds","gds/workflows/document-project/templates/project-scan-report-schema.json","53255f15a10cab801a1d75b4318cdb0095eed08c51b3323b7e6c236ae6b399b7"
"md","action-platformer","gds","gds/workflows/2-design/gdd/game-types/action-platformer.md","f1cbe9e9a52acd01ff120d05ce22fa81b30500933f62a3c6c36642280244057c"
"md","adventure","gds","gds/workflows/2-design/gdd/game-types/adventure.md","06aa57786c2e7ebc7580d501fcdefaabb28933c7b5785d6643bf643f58ae13e7"
"md","architecture-template","gds","gds/workflows/3-technical/game-architecture/templates/architecture-template.md","91655e166f5a2f3f56ae09997107eab15772c1e4d9186397bce0339eca7be32f"
"md","backlog-template","gds","gds/workflows/4-production/code-review/backlog-template.md","84b1381c05012999ff9a8b036b11c8aa2f926db4d840d256b56d2fa5c11f4ef7"
"md","balance-testing","gds","gds/gametest/knowledge/balance-testing.md","01843831d603883219828afbe19784864464277f3bcddb2c104ff05bedbb8053"
"md","card-game","gds","gds/workflows/2-design/gdd/game-types/card-game.md","6b9298ace2607c8e93d64533e6406828053234282e4977e4407faa2e9302fd0a"
"md","certification-testing","gds","gds/gametest/knowledge/certification-testing.md","9e7f57aac247f9c4d384b498f749e2e2376b8706066fb60d3e7b9c27d3ffccab"
"md","checklist","gds","gds/workflows/1-preproduction/game-brief/checklist.md","3516d66cffceb3e5ab23e1ddc9aaed8c0335eb0755e7437488cdebff96162395"
"md","checklist","gds","gds/workflows/2-design/gdd/checklist.md","d733c5d0118d692710fb7af3018239f4fc01c47fe122437db6d8477d697b3fb3"
"md","checklist","gds","gds/workflows/2-design/narrative/checklist.md","9bcfa41212cd74869199dba1a7d9cd5691e2bbc49e6b74b11e51c32955477524"
"md","checklist","gds","gds/workflows/3-technical/game-architecture/checklist.md","289baf9035dd22a4159a78b20afe93bb549d6177f95d261054ded79b4667052e"
"md","checklist","gds","gds/workflows/4-production/code-review/checklist.md","e30d2890ba5c50777bbe04071f754e975a1d7ec168501f321a79169c4201dd28"
"md","checklist","gds","gds/workflows/4-production/correct-course/checklist.md","c948f0f75007ad0761720642180ac741c6737529a191a62ad678555047b1c518"
"md","checklist","gds","gds/workflows/4-production/create-story/checklist.md","5154aa874c6a79285eba644493e87411c6021baff72859490db6e693d15e0bb9"
"md","checklist","gds","gds/workflows/4-production/dev-story/checklist.md","630b68c6824a8785003a65553c1f335222b17be93b1bd80524c23b38bde1d8af"
"md","checklist","gds","gds/workflows/4-production/sprint-planning/checklist.md","80b10aedcf88ab1641b8e5f99c9a400c8fd9014f13ca65befc5c83992e367dd7"
"md","checklist","gds","gds/workflows/document-project/checklist.md","581b0b034c25de17ac3678db2dbafedaeb113de37ddf15a4df6584cf2324a7d7"
"md","checklist","gds","gds/workflows/gametest/automate/checklist.md","b2eefabfba15ccf30a49d46eb0e2b3f9e88304e1c1bbe6febe00d1006d85e155"
"md","checklist","gds","gds/workflows/gametest/e2e-scaffold/checklist.md","0bf93f3994d88ea73024ddb90682a78b7d5d2ac9f39e0db18f372be06f79bff1"
"md","checklist","gds","gds/workflows/gametest/performance/checklist.md","20ab16701d3b0e51b90bcf394f9a74afc40e3db8e04dbdc6fff6f88287639954"
"md","checklist","gds","gds/workflows/gametest/playtest-plan/checklist.md","7d504957f7edb22081f5ae01b6f35db118414c33b4f612b6cd08b5f71645cbf3"
"md","checklist","gds","gds/workflows/gametest/test-design/checklist.md","5346d6af9545fed2f338834d58624b84598e4527cc21718b77bf9166b8a80840"
"md","checklist","gds","gds/workflows/gametest/test-framework/checklist.md","cb4e9255f7386eed2244e77d74a9086980950f3d62927f38f6ee7707676c1a39"
"md","checklist","gds","gds/workflows/gametest/test-review/checklist.md","2444685b29ed742dacfbab77f17cfbc17bd2fd4f91917afb01eb2b9c3f33ffca"
"md","compatibility-testing","gds","gds/gametest/knowledge/compatibility-testing.md","52647005c34e8219084c35536c6bcdec284936cdaf215cd0c6d130804f3823d7"
"md","deep-dive-instructions","gds","gds/workflows/document-project/workflows/deep-dive-instructions.md","8cb3d32d7685e5deff4731c2003d30b4321ef6c29247b3ddbe672c185e022604"
"md","deep-dive-template","gds","gds/workflows/document-project/templates/deep-dive-template.md","6198aa731d87d6a318b5b8d180fc29b9aa53ff0966e02391c17333818e94ffe9"
"md","e2e-testing","gds","gds/gametest/knowledge/e2e-testing.md","e6480e6a6011c21fd68dc4eeb1d00653773c5436c67b7baaaa22ab168fc4aa69"
"md","fighting","gds","gds/workflows/2-design/gdd/game-types/fighting.md","52e5a142aac496ae7154fc0829bfbce1ef22296f0a464cf8e595aa14ca02eb86"
"md","full-scan-instructions","gds","gds/workflows/document-project/workflows/full-scan-instructions.md","6c6e0d77b33f41757eed8ebf436d4def69cd6ce412395b047bf5909f66d876aa"
"md","game-brief-template","gds","gds/workflows/1-preproduction/game-brief/templates/game-brief-template.md","6d5555fae3763e8528898663d51276e0cc7d2d9725a8c74162d8e9732dbc5843"
"md","game-context","gds","gds/workflows/1-preproduction/brainstorm-game/game-context.md","d0f5cb4d6151bb65b799676281ea2af0fe1b5ec227c92ceba655ba363e18a0ba"
"md","gdd-template","gds","gds/workflows/2-design/gdd/templates/gdd-template.md","070ccbb7f491dc1b1d126245c2e4db4a55dbc5a7ee6a6df4be521ca70e3c9ea6"
"md","godot-engine","gds","gds/workflows/3-technical/game-architecture/knowledge/godot-engine.md","d1d02c49d4642eb8b934e9860fad9b15d3905cf6220d54685f94057f5300fea0"
"md","godot-testing","gds","gds/gametest/knowledge/godot-testing.md","17b51e665fe6c0e49d7619710bf5a199b3feb3de2f035aff03075a2e7aadf4ac"
"md","horror","gds","gds/workflows/2-design/gdd/game-types/horror.md","7ff7599d5701bb7a8ef0e14f3ba614626cdd0d8960a8e880fc1cd41c5f508f75"
"md","idle-incremental","gds","gds/workflows/2-design/gdd/game-types/idle-incremental.md","515b52bb301e467c1f096cc55abde47159bb0b0d87157b9fa565973b48601ddf"
"md","index-template","gds","gds/workflows/document-project/templates/index-template.md","42c8a14f53088e4fda82f26a3fe41dc8a89d4bcb7a9659dd696136378b64ee90"
"md","input-testing","gds","gds/gametest/knowledge/input-testing.md","331c6c844db592deac86847e3982b5fad8ebb7ead322ab637093f92152bfe90d"
"md","instructions","gds","gds/workflows/1-preproduction/brainstorm-game/instructions.md","fe4b0c22f052195953ce1245a93d4d39e4587916e3238870b33533ed4a87a230"
"md","instructions","gds","gds/workflows/1-preproduction/game-brief/instructions.md","52c96d0b4cf239e0e9a27eff984d83270e668d72ad2eefa700477fa54f18acc8"
"md","instructions","gds","gds/workflows/3-technical/game-architecture/instructions.md","041d5ef4cca1e55164702e592e1ea885236091f409dfe759c043c4cadfada930"
"md","instructions","gds","gds/workflows/4-production/correct-course/instructions.md","f356ed9e8b869733930d8d3a5434459270099ca5843ecbb05350d46b03c3363c"
"md","instructions","gds","gds/workflows/4-production/retrospective/instructions.md","e579b38c204b946fa4cdd2a02dff701849464fedcbc43437a36ac0ce3310f596"
"md","instructions","gds","gds/workflows/4-production/sprint-planning/instructions.md","5e586d9d98e0c0a7c57de4e8298194efaee372ea64cc5c4f13ec2d7f9ab10a92"
"md","instructions","gds","gds/workflows/4-production/sprint-status/instructions.md","5edac804673943a9e02449afb3860b2b1b61a27cccc98ff876100519160f7116"
"md","instructions","gds","gds/workflows/document-project/instructions.md","f94a2ad09b715f0e6132e3a3d168935f3373fa4314d8f8fe27274a04d9b13684"
"md","instructions","gds","gds/workflows/gametest/automate/instructions.md","fc9f11d0354d5497a27e502130bfb7498faa9d300d2c27d2febc15a2422f27bd"
"md","instructions","gds","gds/workflows/gametest/e2e-scaffold/instructions.md","bf413c36988edbca364d902bc21151944ff85999f0bf3a387ce0742a79ad8015"
"md","instructions","gds","gds/workflows/gametest/performance/instructions.md","a80a721d90554e9035f6b28f74758ed629e06b6ac73e0b589e000c31fa533045"
"md","instructions","gds","gds/workflows/gametest/playtest-plan/instructions.md","321572c884130c42fa8fa2b5c9e9f8f91e32d55c98725966b099cfaa3b76151e"
"md","instructions","gds","gds/workflows/gametest/test-design/instructions.md","3bc5ae4e71f683ec85a152bd9af290256d87b3259ee0e33452909e7512a8a303"
"md","instructions","gds","gds/workflows/gametest/test-framework/instructions.md","27181af5f340b0fbaaf97e574d219969aa297a9398b948c48442ac3d3002dce4"
"md","instructions","gds","gds/workflows/gametest/test-review/instructions.md","121fae69fe2f5acb21bdac941d4258b9bee68300476d242e912b3f9fe0dfaa9e"
"md","instructions-narrative","gds","gds/workflows/2-design/narrative/instructions-narrative.md","a1bd5b1db3f4174ce134f6f930f66d9a955b649c0ab73d8594240c8f533eaa98"
"md","localization-testing","gds","gds/gametest/knowledge/localization-testing.md","6eee5cccfd9a81db853a8aa2327bd5f898276155a0868758a2c76c6e9094d0fe"
"md","metroidvania","gds","gds/workflows/2-design/gdd/game-types/metroidvania.md","2a8c101dda7911d1cd1d9c66d1be86af3725832f5dcc7fab71e95204f45614ea"
"md","moba","gds","gds/workflows/2-design/gdd/game-types/moba.md","92d0ba9f7508a38d5bfeac1651c6aee8a1a58c54659ad3f0e0d1fd678a1ef498"
"md","multiplayer-testing","gds","gds/gametest/knowledge/multiplayer-testing.md","51ac9e47ba1a8ddae7720d301f97596d67d72252d91cd44338fd73353fc5969d"
"md","narrative-template","gds","gds/workflows/2-design/narrative/templates/narrative-template.md","a97e07173c540f85e946eb9c525e1ccad9294ae5f970760f2a9c537b5c0dcd6b"
"md","party-game","gds","gds/workflows/2-design/gdd/game-types/party-game.md","0cc50b3aede0c45c94cdff743cdac2d8ad67421ea80497a29d2300a1744ea703"
"md","performance-template","gds","gds/workflows/gametest/performance/performance-template.md","4bd04e73953f2f3dedff20b9032f99023656f141f21c080e49f15060c64ffa80"
"md","performance-testing","gds","gds/gametest/knowledge/performance-testing.md","b9acfb6f8d20b9f9d2e7b83419298f3053f6fc5dab5cb9005898d133556c09fe"
"md","phaser-engine","gds","gds/workflows/3-technical/game-architecture/knowledge/phaser-engine.md","23536650150ed5f2a794e081fba4669abfb953c8e0be6ac6b000e17d35eebb3d"
"md","playtest-template","gds","gds/workflows/gametest/playtest-plan/playtest-template.md","8fa7654007f4f881f0167cb252b6b9ca63c0735fb9e6ef63a4bc81954b428f47"
"md","playtesting","gds","gds/gametest/knowledge/playtesting.md","bd989a375d3e444da9b892bf0e33ed98c9f9d88f578f260501c3eaf7553d0b3c"
"md","project-context-template","gds","gds/workflows/3-technical/generate-project-context/project-context-template.md","4816f83b0edc8c7e19a57e4a4a6419ca40953fc7dcd48326700f2876e77c60fa"
"md","project-overview-template","gds","gds/workflows/document-project/templates/project-overview-template.md","a7c7325b75a5a678dca391b9b69b1e3409cfbe6da95e70443ed3ace164e287b2"
"md","puzzle","gds","gds/workflows/2-design/gdd/game-types/puzzle.md","f9c08b6f087bfaa41ea08c9dfa78aa034f5ae46b627b9f476bdf8b4f5c3389ed"
"md","qa-automation","gds","gds/gametest/knowledge/qa-automation.md","1de6d14ea9299a2b73a2da33dff6c5b4c1bf5757365a5449968589baaa123cbc"
"md","racing","gds","gds/workflows/2-design/gdd/game-types/racing.md","085ea5d0914d7bc6a233c479d0ad6288a575ad1c8b9a8a85881e779fac0e60fc"
"md","regression-testing","gds","gds/gametest/knowledge/regression-testing.md","bbf85811219194de9df3499277f93427d2cc623384a8f1ac22726067ab6426dd"
"md","rhythm","gds","gds/workflows/2-design/gdd/game-types/rhythm.md","83bbf1761fdc604b8c2b50ed86c5874cce331417e1b3a46c65cb6c4c1a7c8db2"
"md","roguelike","gds","gds/workflows/2-design/gdd/game-types/roguelike.md","fb1ebc838011020a6f740e6fb4f2ceb81be8477f9c67bc7ae3a8e34dfe548f00"
"md","rpg","gds","gds/workflows/2-design/gdd/game-types/rpg.md","5aa57ecefb448a0507ee0c8d503b43bd34d0c612ba130240d1af9842b80cba50"
"md","sandbox","gds","gds/workflows/2-design/gdd/game-types/sandbox.md","836f656bbaae549f31ac574c0865a61de451c08ab8c561db2c93398e147ece85"
"md","save-testing","gds","gds/gametest/knowledge/save-testing.md","b64e42def93f604dcfadd6ed81c8950e1d0eb75d936f1da7de3f727323e76201"
"md","shooter","gds","gds/workflows/2-design/gdd/game-types/shooter.md","2452850295ac2b9fac04ce2d6126bfc19bb7dccbb04c40e7f89c801aecc5555d"
"md","simulation","gds","gds/workflows/2-design/gdd/game-types/simulation.md","fd74a7d21243f8d9827fe6a99263579309bc0aabd9e56261d3dd4eb5cfc75ad5"
"md","smoke-testing","gds","gds/gametest/knowledge/smoke-testing.md","41843100e39f9a2d48316623d979cfdeed5f0977db5241a1a52f1049301dcd6f"
"md","source-tree-template","gds","gds/workflows/document-project/templates/source-tree-template.md","109bc335ebb22f932b37c24cdc777a351264191825444a4d147c9b82a1e2ad7a"
"md","sports","gds","gds/workflows/2-design/gdd/game-types/sports.md","2247ea87dbca74e879f8c686d9e80434618e9e61bd3572739274c1af64cb0bb8"
"md","step-01-discover","gds","gds/workflows/3-technical/generate-project-context/steps/step-01-discover.md","41a123ead9f18cc92b2d3cf021729593f16250f4891887c7416afa519914b61a"
"md","step-01-init","gds","gds/workflows/1-preproduction/brainstorm-game/steps/step-01-init.md","4b1fe3124f00777455335465d279b2bbb601733bb716e80d7849386d44ebbbef"
"md","step-01-init","gds","gds/workflows/1-preproduction/game-brief/steps/step-01-init.md","d953e42b3faa18bd98e8381035bd527f08c02d3b06a712a7ad6f06a36d8cd23d"
"md","step-01-init","gds","gds/workflows/2-design/gdd/steps/step-01-init.md","d36cac85a5a3809d78ce814e1ff27aeee1b7c0d01a7b56fa0d2f313b22940e96"
"md","step-01-init","gds","gds/workflows/2-design/narrative/steps/step-01-init.md","4a93b02e78740fa864c979c14dc1833a9f4e3fee42bfe531488a2f1fe00ce49d"
"md","step-01-init","gds","gds/workflows/3-technical/game-architecture/steps/step-01-init.md","3d8f57c2519e0139515b95303276b6d0b3fe7b6f66fb31d360289a0bcd282fec"
"md","step-01-mode-detection","gds","gds/workflows/gds-quick-flow/quick-dev/steps/step-01-mode-detection.md","559589dab2ef99a511ecdbaf28bb3ec300d499d15849082f431afa25f85ff56c"
"md","step-01-understand","gds","gds/workflows/gds-quick-flow/quick-spec/steps/step-01-understand.md","7e2c7698d7da7bceeddc911ad655a5fa97e244884c9a8f02385580c7f8bedc8b"
"md","step-01b-continue","gds","gds/workflows/1-preproduction/game-brief/steps/step-01b-continue.md","be50cbd1236b561262c1bb4e0a25897c4d0696b48432fd2a3ac8344da8176453"
"md","step-01b-continue","gds","gds/workflows/2-design/gdd/steps/step-01b-continue.md","6f7e482a81d32648d864a7642cb24584e4215d75ec0ceb2f9f117889b148c9e1"
"md","step-01b-continue","gds","gds/workflows/2-design/narrative/steps/step-01b-continue.md","9eede2453110c93304a7f87c635356c50f18e3deb2489b066d95876ee1aa84fc"
"md","step-01b-continue","gds","gds/workflows/3-technical/game-architecture/steps/step-01b-continue.md","141833539a9b85afbd17532dd824656fe9afac4b8a703c94bbc706de67e929cf"
"md","step-02-context","gds","gds/workflows/1-preproduction/brainstorm-game/steps/step-02-context.md","b076cb266277fcc1a52514ca7c73ecf209bd6ee2f55d82c46215d8f363fc64c4"
"md","step-02-context","gds","gds/workflows/2-design/gdd/steps/step-02-context.md","bd7fe4a5a414d8172d1e1508038211f5e77348924ef549935ff2b24213da9cb8"
"md","step-02-context","gds","gds/workflows/3-technical/game-architecture/steps/step-02-context.md","bf3779d8a1556a679a1ee4825e67e061fef3336af5a658b5fe2fb8f2c628634e"
"md","step-02-context-gathering","gds","gds/workflows/gds-quick-flow/quick-dev/steps/step-02-context-gathering.md","42af31bd5e4f6e7e93b88e76900a612ec49df14c8283c7bcd583f8975dadb7c6"
"md","step-02-foundation","gds","gds/workflows/2-design/narrative/steps/step-02-foundation.md","cd1471c20d99a77b8dcd5cd1fc62409e0112a1bf3a46f791fc69cb3e55464ed0"
"md","step-02-generate","gds","gds/workflows/3-technical/generate-project-context/steps/step-02-generate.md","efcb26d55245547bf6746f319cd0057e4ad8aff8dd1b0cfacda31ecaa24fa9d4"
"md","step-02-investigate","gds","gds/workflows/gds-quick-flow/quick-spec/steps/step-02-investigate.md","cbc69e596f11b4dda2c50976f8c025b91f496951e322fbf1d955aae1f4862801"
"md","step-02-vision","gds","gds/workflows/1-preproduction/game-brief/steps/step-02-vision.md","b9d7aa0ed6d86d98b8b4105234cd2f9dc769d769e99e6f34b80d4b061c69838d"
"md","step-03-complete","gds","gds/workflows/3-technical/generate-project-context/steps/step-03-complete.md","30e45e59228a887210e5791bc9f87e29d459579c423db761d72acd9f154c91d8"
"md","step-03-execute","gds","gds/workflows/gds-quick-flow/quick-dev/steps/step-03-execute.md","9d450a2cc7ab47a5c707f58c8141d1200fa823b4ed96e4a69a3044107c3168ed"
"md","step-03-generate","gds","gds/workflows/gds-quick-flow/quick-spec/steps/step-03-generate.md","682a67521e81e9e795cca327b8119cc69f33ffbc2c46e64f487e00aaa192d743"
"md","step-03-ideation","gds","gds/workflows/1-preproduction/brainstorm-game/steps/step-03-ideation.md","d8d8e89fe136139e93fa0fd84428a28f1395786968565413fc2ff84ab7e9b6db"
"md","step-03-market","gds","gds/workflows/1-preproduction/game-brief/steps/step-03-market.md","ea503838c74920f0b3441d8ea0711fda889774063dd6d76bca74769080c34c10"
"md","step-03-platforms","gds","gds/workflows/2-design/gdd/steps/step-03-platforms.md","7fd1cdb0f12f79c87325ad5c5a7cc36f9239ae59eb821643b0c7fddde6123d3e"
"md","step-03-starter","gds","gds/workflows/3-technical/game-architecture/steps/step-03-starter.md","9471a20b83ffc68c4f1091cb5b1897798b78ef0aaa78be85f51e07de80667655"
"md","step-03-story","gds","gds/workflows/2-design/narrative/steps/step-03-story.md","ebc473bb53ca9aa16cca73f47b1227c2e420816ab64ebc746486005ebbff78ce"
"md","step-04-characters","gds","gds/workflows/2-design/narrative/steps/step-04-characters.md","69c24a44fe5bc7adca75da5c4117e41e50761da5f75aed1a2e5d72b51a43153a"
"md","step-04-complete","gds","gds/workflows/1-preproduction/brainstorm-game/steps/step-04-complete.md","5014fe583858fa71e8b95efd30aa473579060f13258b42ee83fcce9402afb7ce"
"md","step-04-decisions","gds","gds/workflows/3-technical/game-architecture/steps/step-04-decisions.md","e2df44826d1051bb960a6e0079998e2e650f2f7dae908d09351f81cd004fec9d"
"md","step-04-fundamentals","gds","gds/workflows/1-preproduction/game-brief/steps/step-04-fundamentals.md","b6e8f60002b5f82b14d24fc932fcf3925337e6715bfe99e6dd067f3fd9b3febe"
"md","step-04-review","gds","gds/workflows/gds-quick-flow/quick-spec/steps/step-04-review.md","932b6f72cc250758501aca154c12e64d0ea0eb9fb4df139042595b812798afb5"
"md","step-04-self-check","gds","gds/workflows/gds-quick-flow/quick-dev/steps/step-04-self-check.md","885162d6f1f10c8ff0a46d75f194e4355c7f14fec034b7a35ebe291162fdd1e7"
"md","step-04-vision","gds","gds/workflows/2-design/gdd/steps/step-04-vision.md","67641531a4d23d8df89a8a82506f54577fc8034a8f168fa687cc2fbf25397993"
"md","step-05-adversarial-review","gds","gds/workflows/gds-quick-flow/quick-dev/steps/step-05-adversarial-review.md","2b5cf130349aba39f3257a4d7bf0ba83be3aebc55666cdfad4681b4371314a4d"
"md","step-05-core-gameplay","gds","gds/workflows/2-design/gdd/steps/step-05-core-gameplay.md","2f66dcc808ad355718ab63fd8a7358d3c6bb969f7f3f40f7c8ac18524b864d2e"
"md","step-05-crosscutting","gds","gds/workflows/3-technical/game-architecture/steps/step-05-crosscutting.md","0daedd13e4423d14ce5c885c84e27dc9011d5247fda1d5f962eee7849db6303f"
"md","step-05-scope","gds","gds/workflows/1-preproduction/game-brief/steps/step-05-scope.md","2b4f9a952861cb41a00f4d503525cda27783da8db8ac9db77706afe3e5c0ae78"
"md","step-05-world","gds","gds/workflows/2-design/narrative/steps/step-05-world.md","09acfae45b7f5507e294c518ce9365e1462a76cd5687e622bd94aca6dc3c5b44"
"md","step-06-dialogue","gds","gds/workflows/2-design/narrative/steps/step-06-dialogue.md","57a73c46ac06f0606fcd41b7a98551b44e76a1cfbdea31a4722118b4a576f00b"
"md","step-06-mechanics","gds","gds/workflows/2-design/gdd/steps/step-06-mechanics.md","a389c23ae6d4e72b08f0b36431ba598340a6209fb13bea49ff5b749129bd5cad"
"md","step-06-references","gds","gds/workflows/1-preproduction/game-brief/steps/step-06-references.md","930679a2b62f1202a8d3b8b41a5645fe2d04651d752d270b83f727942b0d98b6"
"md","step-06-resolve-findings","gds","gds/workflows/gds-quick-flow/quick-dev/steps/step-06-resolve-findings.md","750c3fa08a26ffd3a34b271121330191dc7217ea78ca652d7feeeaac1b74513c"
"md","step-06-structure","gds","gds/workflows/3-technical/game-architecture/steps/step-06-structure.md","31569164ae9a8a235e59d647eb05503c7808310dc145089ce8e7f1d447eecbf3"
"md","step-07-content","gds","gds/workflows/1-preproduction/game-brief/steps/step-07-content.md","3bc267964fb399d76e8ff534353e6940455eb678e845bd0e59e51c104f4b9936"
"md","step-07-environmental","gds","gds/workflows/2-design/narrative/steps/step-07-environmental.md","fe2cadbaa19de1d6ad9762966e19a81a2dae6e1eab5126c029c260d4b7de4d1a"
"md","step-07-game-type","gds","gds/workflows/2-design/gdd/steps/step-07-game-type.md","0c88613c365b5fb0eb95090c31d0770a747949a82cb48bddd7677146a2f549e8"
"md","step-07-patterns","gds","gds/workflows/3-technical/game-architecture/steps/step-07-patterns.md","fd0d0d39f00fbdd0c25b696e107be244e41aada40417c99f3b19bb91f58ff64f"
"md","step-08-complete","gds","gds/workflows/1-preproduction/game-brief/steps/step-08-complete.md","d7a43059f1eef7ca96fb499c0ae413e4149d6f6b130474f9f7ed5b5e90c2be6c"
"md","step-08-delivery","gds","gds/workflows/2-design/narrative/steps/step-08-delivery.md","bf9212748fc7f2c47a9fbafddc65c86c01b3357785414e0ba26603cd651ef3cb"
"md","step-08-progression","gds","gds/workflows/2-design/gdd/steps/step-08-progression.md","e521e7481c48d878ccf1bfa9e0c69bac902fbba59407f63e301fb49194a26f18"
"md","step-08-validation","gds","gds/workflows/3-technical/game-architecture/steps/step-08-validation.md","dd09a6cf450caaf432c6839fa6e1cabe503a04e7789c7f2152196dabaf3bb0a0"
"md","step-09-complete","gds","gds/workflows/3-technical/game-architecture/steps/step-09-complete.md","cfeb0ef94f8fc0ff0b74ed1aaa1e003c3a18fdb01f64e83af6173f70cd3c0ba8"
"md","step-09-integration","gds","gds/workflows/2-design/narrative/steps/step-09-integration.md","a494f4a0298ef5b90be47773123dc55c8f0876e15a68b82b6b0edc0630411700"
"md","step-09-levels","gds","gds/workflows/2-design/gdd/steps/step-09-levels.md","c5a63d5b2f6e5145c047e98b260d5f9ec90c3eb1a1ae9b14972f4201597f9e06"
"md","step-10-art-audio","gds","gds/workflows/2-design/gdd/steps/step-10-art-audio.md","d5decafe7277da1321e1aefaaca0774938ad3ebbbca3cc4de85ac46e6bd3b23c"
"md","step-10-production","gds","gds/workflows/2-design/narrative/steps/step-10-production.md","b52a855de7fd571f8b52b59ebb3f83530a6e44e201cd9d5286531be53c85fc63"
"md","step-11-complete","gds","gds/workflows/2-design/narrative/steps/step-11-complete.md","468833f1600780bf402dad1fc267ebe824dd7fe44bc33fb478f65d1f6564f925"
"md","step-11-technical","gds","gds/workflows/2-design/gdd/steps/step-11-technical.md","e4e702adeb5cb0c7b1bbf4ad1dc8dc09e611fc20aa8fbd165b8eefdeb9592c09"
"md","step-12-epics","gds","gds/workflows/2-design/gdd/steps/step-12-epics.md","656bbaf0ad80c3e88424e8ebf143047d705e7f3f3ad21873b1a51f57e873120d"
"md","step-13-metrics","gds","gds/workflows/2-design/gdd/steps/step-13-metrics.md","7ef841a20b3ad5e285322c291fbfb2a681d111bcdda5d8d032f6cae2d621b3f9"
"md","step-14-complete","gds","gds/workflows/2-design/gdd/steps/step-14-complete.md","b504cd39b5e2b89ed051421bd84a1a34e2a75573857fcad191796c0afffc6a5c"
"md","strategy","gds","gds/workflows/2-design/gdd/game-types/strategy.md","997380919f6c1b408906c364f74e728b9c6b45bf2960d1f0bfe8b0def594735e"
"md","survival","gds","gds/workflows/2-design/gdd/game-types/survival.md","3647795ee0073a85217633412a41a938e51a553776acbe9ac953fb403e3437f9"
"md","tech-spec-template","gds","gds/workflows/gds-quick-flow/quick-spec/tech-spec-template.md","6e0ac4991508fec75d33bbe36197e1576d7b2a1ea7ceba656d616e7d7dadcf03"
"md","template","gds","gds/workflows/4-production/create-story/template.md","29ba697368d77e88e88d0e7ac78caf7a78785a7dcfc291082aa96a62948afb67"
"md","test-design-template","gds","gds/workflows/gametest/test-design/test-design-template.md","3e1811023e6bf76ac1157903999380041fddffdddadfea18ec5872242d1d5eb1"
"md","test-priorities","gds","gds/gametest/knowledge/test-priorities.md","bf1c726cfcbd44511a97820e1c4d4de1f4b2579ca97cd216f91b91fbeb72e04a"
"md","test-review-template","gds","gds/workflows/gametest/test-review/test-review-template.md","62f64abc9e42f3014f65b7a663477ea2ae84eea7da423508761535da67d9ad0f"
"md","text-based","gds","gds/workflows/2-design/gdd/game-types/text-based.md","5895ca65dc93f676bb33b754f2c6be85d5d9b651df87d8431d404dc9bb736ee7"
"md","tower-defense","gds","gds/workflows/2-design/gdd/game-types/tower-defense.md","03a2cc577fdd1a183ba04409b01b22f2f38713d28f1278481b0f221858f97ec8"
"md","turn-based-tactics","gds","gds/workflows/2-design/gdd/game-types/turn-based-tactics.md","30a150d8a0ab746f0c67d414be79e7e421fff1b8b7a1b716e64800df72bdb6c2"
"md","unity-engine","gds","gds/workflows/3-technical/game-architecture/knowledge/unity-engine.md","7246db2a0b267d9c34b94b6869ee43bb67ef24728d96ffa0907a158bdc5852cb"
"md","unity-testing","gds","gds/gametest/knowledge/unity-testing.md","17b84ad2c6b651cad40edf697991be60b86aa80d3c98666c08b71e8908474492"
"md","unreal-engine","gds","gds/workflows/3-technical/game-architecture/knowledge/unreal-engine.md","25c737e132f37d736ec17ac531712795c1a9197dabd7a26084de8117e226590a"
"md","unreal-testing","gds","gds/gametest/knowledge/unreal-testing.md","0ca53c31bd4c65dac328488433b49b7673e25f47e9945d9abfa9644c43bf2572"
"md","visual-novel","gds","gds/workflows/2-design/gdd/game-types/visual-novel.md","2d98f4c682f0abbd6330ac1bad04600c596e6b27302adbe9510fc0c0bf53052c"
"md","workflow","gds","gds/workflows/1-preproduction/brainstorm-game/workflow.md","0cee2a5de70aad957486b692430c37ebc7de9f66a5f548842cb32d0d0c6fd47b"
"md","workflow","gds","gds/workflows/1-preproduction/game-brief/workflow.md","0134c0ed49926208aa26f219eec263c1a88f2628a44f39b25fefc4ae4c223cc8"
"md","workflow","gds","gds/workflows/2-design/gdd/workflow.md","46e310e6ca72f28a9dc4667997d3ba28353e1eb6f00f183376bcdb0b3b92e7ff"
"md","workflow","gds","gds/workflows/2-design/narrative/workflow.md","15f0ca50dcbc7ad12e8ec9341f1e35222b035da437bb85ffdedcfc9a7aa3e2e0"
"md","workflow","gds","gds/workflows/3-technical/game-architecture/workflow.md","7b37e6faae0087d6e009b9a9b5db6237393f89b1c6928f64c7fac40b41b18d6f"
"md","workflow","gds","gds/workflows/3-technical/generate-project-context/workflow.md","a3795131fd3bb21c74affb5d9d63865772c346585027cbeb6c49e2aafaaf7e63"
"md","workflow","gds","gds/workflows/gds-quick-flow/quick-dev/workflow.md","f128d1c03b4899bb85bff5ffaa862ffa9b6bba2c0ef71f98cb45c234c6851801"
"md","workflow","gds","gds/workflows/gds-quick-flow/quick-spec/workflow.md","b5948c98313798ad1709c00550cabd1aa7a05ab2b5e74d5b6d26cc707a1d7cca"
"xml","instructions","gds","gds/workflows/4-production/code-review/instructions.xml","5d6606c85b521f02a3281cb10b890fd526c4df98b5216d598e771aca30c67038"
"xml","instructions","gds","gds/workflows/4-production/create-story/instructions.xml","46c2189f0dd4dd6c0f3ef14fe64515ccef2187d04c2d1b776dd459024dca1a1d"
"xml","instructions","gds","gds/workflows/4-production/dev-story/instructions.xml","b8121903cd3c7b1a6be63997274d5079e9d1b23a421e5aeeddabe1cfe9e011f5"
"yaml","architecture-patterns","gds","gds/workflows/3-technical/game-architecture/architecture-patterns.yaml","3beef746fa0378022a3b98363a6a42a01a6268ecade801215a0bd331ed02a1d3"
"yaml","config","gds","gds/config.yaml","c9ddbd4fd6b406465ece7ce7f84a572640645185a8bdaa35ae80a2bcf4a11580"
"yaml","decision-catalog","gds","gds/workflows/3-technical/game-architecture/decision-catalog.yaml","9b11cc159e4e74e7c3c9782bc3772ca7fc9192afee712c4eed0938994bbc3412"
"yaml","deep-dive","gds","gds/workflows/document-project/workflows/deep-dive.yaml","a4f2b073001670580e6993431f2c77761b0548ebe706b512d62cb25f69ac8780"
"yaml","engine-mcps","gds","gds/workflows/3-technical/game-architecture/engine-mcps.yaml","5a2388ec24cb3eaf94273dd31ff98792aa02659cdaa1e9800af7e507e1cd6e77"
"yaml","full-scan","gds","gds/workflows/document-project/workflows/full-scan.yaml","613724d834d5e40bc6915154b9197637f4b509607399989f1dde96ef4610dad1"
"yaml","sprint-status-template","gds","gds/workflows/4-production/sprint-planning/sprint-status-template.yaml","0d7fe922f21d4f00e538c265ff90e470c3e2eca761e663d84b7a1320b2f25980"
"yaml","team-gamedev","gds","gds/teams/team-gamedev.yaml","f362ed346e2339a9f07456c3d4cc20431b74c96330c02af902e0324a9fa4ff0d"
"yaml","workflow","gds","gds/workflows/1-preproduction/brainstorm-game/workflow.yaml","1e9a3365bc1895a51ef2a421d83e6f31b0ecf547e561f02beb68ae232f4ff909"
"yaml","workflow","gds","gds/workflows/1-preproduction/game-brief/workflow.yaml","af81a60b9824edd69dd0246403021dcd8525d6d43d75bc7aaae80cca58d986e2"
"yaml","workflow","gds","gds/workflows/2-design/gdd/workflow.yaml","3f78a95c53130b5216907e5e41079955a9289617daf5a8ff2b29cc0eea926df5"
"yaml","workflow","gds","gds/workflows/2-design/narrative/workflow.yaml","f7d301682beb42fccfd227c222384d6d98992bc82c5144acc8b0185aa0258ccd"
"yaml","workflow","gds","gds/workflows/3-technical/game-architecture/workflow.yaml","85b3607b060f20757cca53ffc969fd50936b98805c7add1c9e13e53db324b806"
"yaml","workflow","gds","gds/workflows/4-production/code-review/workflow.yaml","b767d1284a77b563c3f5bdf5888fe8d310b0575f4a5a6869c4a516489983dc3f"
"yaml","workflow","gds","gds/workflows/4-production/correct-course/workflow.yaml","1095fd8f3bc30a568fe17002100ed837b9ba7b651262629e3540f8f631ae0f98"
"yaml","workflow","gds","gds/workflows/4-production/create-story/workflow.yaml","37521e508932c9ec26309a7316091f576e6bfa8f95e5e42a83e5b6534f45a8f1"
"yaml","workflow","gds","gds/workflows/4-production/dev-story/workflow.yaml","8ee36b7ce42360b18ae2e43d36abfe7c62d92d1981d0616eef0de5e40a299bd9"
"yaml","workflow","gds","gds/workflows/4-production/retrospective/workflow.yaml","d525c3ce169031c027dc086408124150b78dd36a3a74c9ae2458146f77015c01"
"yaml","workflow","gds","gds/workflows/4-production/sprint-planning/workflow.yaml","933d2419f53b71934f5394a572e38ff3cc67c917851bd437607e19c68d653cbf"
"yaml","workflow","gds","gds/workflows/4-production/sprint-status/workflow.yaml","ff0b25245e1d306cc65b2c80af6cc1ab3f2f51885ee33af1bddbd37361f8002f"
"yaml","workflow","gds","gds/workflows/document-project/workflow.yaml","1c56113564237db3c6d1074f0f2742a1a5620b4e7baf4baec1eac3ca1aa85180"
"yaml","workflow","gds","gds/workflows/gametest/automate/workflow.yaml","440dd756d35af017db95c7a50f044393cec909a39e974445a5dc29a76578bb4c"
"yaml","workflow","gds","gds/workflows/gametest/e2e-scaffold/workflow.yaml","4f6cbcf12001a9ae224c0476b6af50e4db0940f35301850a3b3b2809552989b0"
"yaml","workflow","gds","gds/workflows/gametest/performance/workflow.yaml","85a09fb8ab03e1985a5c835b3c3c54110bf0ef3e651476bd7ea8033065115de6"
"yaml","workflow","gds","gds/workflows/gametest/playtest-plan/workflow.yaml","4eb980254f45b96da8afa1613b9f5ab801b1dc41191830e0261193b1f43ebcc5"
"yaml","workflow","gds","gds/workflows/gametest/test-design/workflow.yaml","172871c7da6dddec4bf75bcbff92ace5999bfa511f1b41187344dfe822e7a6c4"
"yaml","workflow","gds","gds/workflows/gametest/test-framework/workflow.yaml","d196f029327467cb4a0d9f8f0f3981b6b386cd1441d45001fefccae9a5df014c"
"yaml","workflow","gds","gds/workflows/gametest/test-review/workflow.yaml","33d66a2ca8cef771f7a3316999726de9793972adab7cfb8c83ec955513478039"
